Token,POS
Khupha,V
iforomo,DEM
lesibawo,DEM
namkha,CONJ
lifumane,V
e-ofisini,LOC
eliseduze,REL
le-SARS,DEM
.,PUNCT
,
Iforomo,DEM
lesibawo,DEM
kufanele,V
lizaliswe,V
mbawi,N
ingasi,V
omunye,ADJ01
umuntu,N01
",",PUNCT
nakungasi,V
njalo,ADV
isibawo,N
asizukutjhejwa,V
.,PUNCT
,
Sibawa,V
ufunde,V
umhlahlandlela,N03
wesibawo,REL
ukukurhelebha,V
ekambisweni,V
yakho,POS09
yelayisense,N05
.,PUNCT
,
Esigabeni,N07
somHlobo,N
weKlayenti,N
,
qala,V
ibhokisana,V
loMenzi,N04
we-AGOA,V
ngaphasi,P
kokutlolisa,REL
.,PUNCT
,
Esigabeni,N07
seMininingwana,N04
yoMenzi,N04
we-AGOA,N
veza,V
,
igama,N05
lokwenza,V
ibhizinisi,N05
lebhizinisi,N05
yakho,POS09
,
indawo,N09
lapho,DEM02
kutholakala,V
ibhizinisi,N05
(,PUNCT
isibonelo,N07
",",PUNCT
iplodo,N
10,POS
),PUNCT
,
igama,N05
lestrada,V
nenomboro,P
yebhizinisi,N05
,
isabhabhu,N
lapho,DEM02
ibhizinisi,N05
litholakala,V
khona,PRON15
,
idorobha,N
elikhulu,ADJ05
namkha,CONJ
idorobha,N
lapho,DEM02
ibhizinisi,N05
litholakala,V
khona,PRON15
;,PUNCT
kanye,ADV
,
nekhodi,N
yestrada,V
yesabhabhu,N
lapho,DEM02
ibhizinisi,N05
litholakala,V
khona,PRON15
.,PUNCT
,
Isigaba,N07
seGunya,V
lokwenza,V
isiBawo,N
kufanele,V
sizaliswe,V
kuphela,V
ngusomabhizinisi,V
oyi-sole,PRN
proprietor,N
",",PUNCT
mnqophisi,N
",",PUNCT
"ma-partner,lilunga",REL05
",",PUNCT
yi-trustee,N
namkha,CONJ
mumuntu,N
ophethe,V
ibhizinisi,N05
lokha,CONJ
nakenza,V
isibawo,N
sokutloliswa,POS
njengomenzi,N
okhethekileko,N
wepahla,POS
we-AGOA,V
.,PUNCT
,
Igama,N05
lombawi,N
namkha,CONJ
igama,N05
lokutloliswa,P
kwegama,N05
lehlangano,POS
ingasi,V
igama,N05
lokwenza,V
ibhizinisi,N05
kufanele,V
livezwe,V
kileli,P
ziko,N
.,PUNCT
,
nakuvela,V
i-asterisk,N
(,PUNCT
*,PUNCT
),PUNCT
",",PUNCT
sula,V
lokho,DEM02
okufaneleko,REL
.,PUNCT
,
Esigabeni,N07
sesiFungo,N
",",PUNCT
veza,V
okulandelako,REL
:,PUNCT
,
ama-initjhiyali,V
nesibongo,N07
somuntu,N01
owenza,V
isibawo,N
selayisense,N05
,
ubujamo,N
bomuntu,N01
owenza,V
isibawo,N
",",PUNCT
isibonelo,N07
",",PUNCT
uMnqophisi,DEM
",",PUNCT
uMphathi,N
",",PUNCT
uMnikazi,N01
,
umuntu,N01
owenza,V
isibawo,N
kufanele,V
atlikitle,V
iforomo,DEM
lesibawo,DEM
,
ilanga,N05
okutlikitlwe,REL
ngalo,ADV
isibawo,N
,
indawo,N09
lapho,DEM02
kwatlikitlelwa,V
isibawo,N
.,PUNCT
,
Zalisa,V
iforomo,DEM
lesibawo,DEM
bewulilethe,V
e-ofisini,LOC
eliseduze,REL
lomThelo,N
wePahla,POS
le-South,DEM
African,LOC
Revenue,P
Service,P
.,PUNCT
,
Namathisela,V
amakhophi,N06
wamambala,REL
namkha,CONJ
aqinisekisiweko,LOC
wemitlolo,N
elandelako,REL
eforomini,LOC
lesibawo,DEM
:,PUNCT
,
isitifikhethi,N
sokutloliswa,POS
kwebhizinisi,N05
njengombana,ADV
sikhutjhwe,V
Mtlolisi,N
wamaKampani,N
namkha,CONJ
ngu-Master,N
of,POS
the,N05
Supreme,V
Court,N
ebujameni,V
be-Trust,P
.,PUNCT
,
isiqunto,N
namkha,CONJ
imvumo,N09
namkha,CONJ
elinye,ADJ05
igunya,N05
elisebenzako,REL
.,PUNCT
,
imvumo,N09
yomNyango,LOC
wezokuRhwebelana,POS
namaBubulo,N06
nayifunekako,N
,
iindlela,V
yokwenza,V
nayikuthi,ADV
wenza,V
isibawo,N
ngaphasi,P
kwe-ayithemu,N
yokubuyiselwa,V
imali,N09
oyibhadeleko,N
607.04.10(02),PUNCT
",",PUNCT
607.04.10(03),PUNCT
",",PUNCT
607.04.10(09),PUNCT
no,CONJ
607.04.10(12),PUNCT
,
iincwadi,N
zokuzazisa,V
ebujameni,V
besakhamuzi,N07
seSewula,LOC
Afrika,LOC
,
imitlolo,DEM
yephaspoti,N
ebujameni,V
:,PUNCT
,
bomuntu,N01
ongasi,V
sisakhamuzi,V
,
be-close,N
corporation,LOC
ne-trust,P
-,PUNCT
woke,QUANT03
amalunga,N06
",",PUNCT
abalingani,N02
namkha,CONJ
ama-trustee,N
,
bekampani,N
-,PUNCT
boke,QUANT06
abanqophisi,REL
",",PUNCT
kufaka,V
umnqophisi,DEM
ophetheko,REL
nomnqophisi,REL
weemali,P
.,PUNCT
,
I-Crime,N
Stop,ADV
mihlobo,N04
eminengana,V
yamasentha,V
wokufuna,V
irhelebho,N
ngokudosa,ADV
umtato,N
asebenza,V
ukubuthelela,V
ilwazi,V
elibuya,V
emphakathini,N03
ngezelelesi,N14
kanye,ADV
nemisebenzi,N04
yazo,POS
.,PUNCT
,
Amalunga,N06
womphakathi,N03
arhelejwa,V
basebenzi,N02
besentha,V
ababandulwe,V
kuhle,ADJ05
ekuphenyeni,N06
ngokukhulumisana,V
.,PUNCT
,
Lokhu,DEM01
kukuvumela,V
bona,CONJ
wazise,V
imiSebenzi,N04
yesiPholisa,V
seSewula,LOC
Afrika,LOC
(,PUNCT
i-South,N
African,LOC
Police,V
Service,P
(,PUNCT
SAPS,ADV
),PUNCT
ngemisebenzi,N04
yezelelesi,N08
ebhodulukweni,V
eliphephileko,N
nelingabeki,V
amaphilo,N06
engozini,N09
.,PUNCT
,
Awuzivezi,N
nawungafuniko,POS
.,PUNCT
,
Abasebenzeli,V
bezokulandelela,V
nokufaniswa,V
kwabadosa,V
imitato,P
abakavunyelwa,V
ukuza,V
kwa-Crime,N
Stop,N
khona,PRON15
kuzakuqinisekiswa,V
ukungazivezi,P
kweempimpi,POS
.,PUNCT
,
Ilwazi,V
elinikelweko,POS
lithunyelwa,V
kubaphenyi,P
.,PUNCT
,
AmaSentha,N
weRhelebho,N
lomTato,N
aThileko,N
we-Crime,V
Stop,ADV
godu,IDEOPH
athintanisa,V
iimpimpi,V
bunqopha,ADV
ngokudosa,V
umtato,N
ngendlela,N09
yekhonferensi,V
.,PUNCT
,
Lokhu,DEM01
kukghonakalisa,V
isiphathiswa,V
esiphenyako,REL
ukukhulumisana,V
bunqopha,ADV
nempimpi,POS
.,PUNCT
,
Tjheja,V
:,PUNCT
Lokhu,DEM01
kwenziwa,V
kuphela,V
ngemvumo,N09
yakho,POS09
.,PUNCT
,
Godu,IDEOPH
ungabika,V
izenzo,N08
zobulelesi,N14
ngokwe-elektroniki,V
kuwebhsayithi,V
yemiSebenzi,N04
yesiPholisa,V
seSewula,LOC
Afrika,LOC
(,PUNCT
i-South,N
African,LOC
Police,V
Service,P
(,PUNCT
SAPS,ADV
),PUNCT
neqinisekisa,V
ukungazivezi,V
kwakho,POS15
ngaphandle,ADV
kwalokha,V
ufuna,V
njalo,ADV
.,PUNCT
,
Dosela,V
umtato,N
inomboro,N
ye-Crime,N
Stop,ADV
ethi-08600,REL
10,POS
111,PUNCT
.,PUNCT
,
Umsebenzeli,REL
wesentha,V
yerhelebho,POS
lomtato,N
uzakuhlahla,V
ngemibuzo,N04
ethileko,V
begodu,ADV
nayikuthi,ADV
ilwazi,V
olinikeleko,N
lingasetjenziswa,REL
",",PUNCT
uzakunikela,V
inomboro,N
yekhodi,N
ehlukileko,REL
.,PUNCT
,
Nayikuthi,ADV
ilwazi,V
alikabi,V
ukuba,CONJ
lirhelebho,LOC
umsebenzeli,REL
uzakuyelelisa,V
ukobana,CONJ
ungalifumana,V
bunjani,ADV
ilwazi,V
elinabileko,REL
.,PUNCT
,
Ilwazi,V
elingasetjenziswa,REL
lithintaniswa,V
nekhodi,N
onikelwe,V
yona,PRON04
.,PUNCT
,
Uzakubawiwa,V
bona,CONJ
udosele,V
umtato,N
i-Crime,N
Stop,ADV
enomborweni,P
ethi-08600,REL
10,POS
111,PUNCT
esikhathini,N07
esibekiweko,LOC
ukufunisisa,V
bona,CONJ
ilwazi,V
lakho,POS05
libe,V
nerhelebho,P
na,INT
nokobana,ADV
ingabe,CONJ
kghani,N
ufanele,V
kufumana,V
umvuzo,N
(,PUNCT
Nayikuthi,ADV
uwubawile,V
umvuzo,N
),PUNCT
.,PUNCT
,
Ngomuso,N03
umsebenzeli,REL
uzakukhulumisana,V
nawe,ADV
kuphela,V
ngomlandu,N03
nayikuthi,ADV
inomboro,N
yekhodi,N
oyinikeleko,N
ngelungileko,REL
begodu,ADV
ukuzifanisa,V
kwakho,POS15
kukhambelana,V
nehlathululo,N
eserekhodini,LOC
.,PUNCT
,
Umsebenzeli,REL
khonokho,V
uzakuphelisa,V
umtato,N
nayikuthi,ADV
uneqiniso,N05
lokobana,N
akusuwe,V
odose,V
umtato,N
ekuthomeni,V
.,PUNCT
,
Leli,DEM01
ligadango,N
lezokuvikela,V
begodu,ADV
angeze,REL06
kwakhulunyiswana,V
ngalo,ADV
.,PUNCT
,
Nayikuthi,ADV
ubika,V
ubulelesi,N14
ngokwe-elektroniki,V
",",PUNCT
zalisa,V
iforomo,DEM
lombiko,N03
obuyako,COP
elitholakala,V
kuwebhsayithi,V
ye-SAPS,ADV
.,PUNCT
,
Inomboro,N
yereferensi,V
izakuvezwa,V
nasele,ADV
uthumele,V
iforomo,DEM
.,PUNCT
,
I-Crime,N
Stop,ADV
izakudlulisela,V
ilwazi,V
eyunithini,LOC
ephenyako,P
efaneleko,REL
bona,CONJ
iphenye,V
",",PUNCT
ngesibawo,P
sokobana,N
ibuye,V
ilethe,V
umbiko,N03
wokuthoma,V
kungakapheli,V
ama-awara,POS
ama-24,POS
kanye,ADV
nomphumela,N03
wephenyo,V
ngokurhaba,P
okukghonekako,N
.,PUNCT
,
Nayikuthi,ADV
ufaneleka,V
begodu,ADV
ubawe,V
umvuzo,N03
",",PUNCT
isiphathiswa,V
esiphenyako,N
sizakuqunta,P
ngomvuzo,POS
kanye,ADV
nekambiso,ADV
ezakusebenza,V
ekukhutjhweni,V
kwawo,POS15
ngokuya,V
kweLwazi,V
lesiTjhaba,ADV
(,PUNCT
okuyi-National,P
Information,ADV
2,N
/,PUNCT
2001,PUNCT
),PUNCT
.,PUNCT
,
Lokha,CONJ
umvuzo,N
nasele,ADV
ulungile,V
",",PUNCT
i-Crime,N
Stop,ADV
izakuthinta,V
ukuhlela,V
ukubhadelwa,V
kwawo,POS15
.,PUNCT
,
Ngijame,V
phambi,ADV
kwenu,POS15
namhlanjesi,N
entambama,V
",",PUNCT
ngemva,P
kweminyaka,N04
ema-20,P
selokho,V
uMongameli,V
Nelson,N
Rolihlahla,N
Mandela,V
aphuma,V
ejele,N05
.,PUNCT
,
Sikhethe,COP
ilangeli,V
njengalelo,N
lokubiza,V
iHlalohlanganisela,V
leziNdlu,N10
zePalamende,V
ukwethula,N
iKulumo,N09
yesiTjhaba,N
",",PUNCT
ukugidinga,V
umzuzu,N06
womlando,N03
owatjhugulula,V
inarha,N
yekhethu,A
.,PUNCT
,
Ukutjhatjhululwa,V
kwakaMadiba,V
kwabamphumela,N04
wokungabuyeli,REL
emva,P
kwabantu,N02
beSewula,LOC
Afrika,LOC
.,PUNCT
,
Iimbotjhwa,V
naboMakadebona,N
bepi,POS
balokha,V
esinabo,REL
namhlanjesi,N
bakubona,V
lokho,DEM02
ngombana,CONJ
babeyingcenye,V
yalokho,DEM02
egade,V
kwenzeka,V
.,PUNCT
,
Nizakukhumbula,V
ukobana,CONJ
iinqubuthu,POS07
zenarha,LOC
le,DEM01
",",PUNCT
ngokweenhlangano,P
zabo,POS08
ezihlukeneko,REL
",",PUNCT
baziphendulela,V
ngokuyelela,V
ibizelo,N05
lokwenza,V
inarha,N
ingabuseki,V
nokuthi,V
ibandlululo,N
lingaphumeleli,V
.,PUNCT
,
Sigidinga,V
ilangeli,V
neembotjhwa,V
zalokha,V
esizimeme,V
ngokukhethekileko,P
kobana,N02
zizohlanganyele,V
nathi,ADV
namhlanjesi,N
.,PUNCT
,
Samukela,V
ngokukhethekileko,N
labo,DEM02
abathethe,V
ikhambo,N
lokusuka,V
ngaphetjheya,P
beza,V
lapha,DEM01
",",PUNCT
uHelene,V
Pastoors,N
",",PUNCT
uMichael,P
Dingake,V
beBotswana,N07
",",PUNCT
uNom,N
.,PUNCT
,
Andimba,V
Toivo,N
ya,V
Toivo,N
wehlangano,POS
yeSwapo,N
eNamibia,N
.,PUNCT
,
Sithaba,V
khulu,N
ngobukhona,V
besiqhema,N
sezomthetho,POS
esasijamele,V
iimBotjhwa,V
emlandwini,LOC
wokuvukelwa,V
kombuso,N03
weRivonia,N
-,PUNCT
uLord,P
Joel,COP
Joffe,N
",",PUNCT
osele,V
anzinze,V
eLondon,LOC
neJaji,LOC
u-Arthur,N
Chaskalson,N
.,PUNCT
,
Begodu,ADV
sikhumbula,V
besidlulise,V
ihlonipho,DEM
yethu,POS04
kuNom.Harry,N
Schwartz,ADV
",",PUNCT
ngetjhudwelimbi,V
ositjhiye,V
ephasini,LOC
ngeveke,V
ephelileko,V
.,PUNCT
,
Hlangana,N
nokhunye,P
",",PUNCT
bekalilunga,V
labajameli,REL
bezomthetho,N03
emlandwini,V
weRivonia,V
.,PUNCT
,
Sidlulisa,V
ukuthokoza,V
kwethu,POS15
kubangani,ADV
bethu,POS02
namakhomreyidi,V
eentjhabatjhabeni,LOC
",",PUNCT
ngokusizana,V
nathi,ADV
kobana,N02
sithole,V
ikululeko,N09
.,PUNCT
,
Samukela,V
ngokukhethekileko,V
umndeni,N03
wakwaMandela,V
.,PUNCT
,
Babe,N
sibonelo,POS
ngokuzinikela,V
kwabanengi,ADJ02
abaqalana,V
nobukhali,REL05
bebandlululo,N
.,PUNCT
,
Silotjhisa,V
uburholi,N
behlangano,POS
ebusako,REL
nabalingani,N02
boMfelandawonye,V
",",PUNCT
labo,DEM02
umnyanya,V
lo,DEM01
ongokhetheke,V
khulu,N
nakibo,P
.,PUNCT
,
Bakwethu,V
nabangani,V
",",PUNCT
,
Elangeni,N06
elikhethekilekweli,V
",",PUNCT
kufunele,V
sikhumbule,V
indima,N09
yalabo,ADV
ababebarholi,P
be-National,P
Party,N
",",PUNCT
abaphetha,V
ngokubona,V
bonyana,CONJ
ibandlululo,N
lalingenalo,V
ikusasa,V
.,PUNCT
,
Ngivumelani,V
ngitshwaye,V
indima,N09
eyadlalwa,V
nguMongameli,V
wangaphambilini,P
u-PW,N
Botha,V
.,PUNCT
,
Nguye,PRON01
owathoma,V
imikhulumiswano,N
ngekghonakalo,N
yokutjhatjhululwa,V
kweembotjhwa,N
zezepolotiki,POS
.,PUNCT
,
UMongameli,V
uBotha,V
wayegade,V
asebenza,V
noNgqongqotjhe,POS
walokha,V
wezobuLungiswa,POS
",",PUNCT
uNom,N
.,PUNCT
,
Kobie,N
Coetzee,N
",",PUNCT
owayesizwa,V
nguDorhodere,N
Neil,P
Barnard,P
noNom,N
.,PUNCT
,
Mike,V
Louw,N
.,PUNCT
,
Badlala,V
indima,N09
eqakathekileko,POS
eyarholela,V
ekutjhatjhululweni,V
kwakaMadiba,V
.,PUNCT
,
Bakwethu,N
abahloniphekileko,REL
",",PUNCT
,
Kusafanele,V
iSewula,LOC
Afrika,LOC
ivume,V
ngokuzeleko,CONJ
",",PUNCT
indima,N09
eqakathekileko,POS
eyadlalwa,V
nguMongameli,V
walokha,V
we-ANC,P
",",PUNCT
uKhomreyidi,N
Oliver,POS
Tambo,N
",",PUNCT
owakha,V
isisekelo,N07
esenza,V
kobana,N02
inarha,N
le,DEM01
ibe,V
sibonelo,POS
esihle,ADJ07
sekululeko,N
nentando,N09
yenengi,POS09
.,PUNCT
,
Kwaba,V
ngonobangela,P
woburholi,V
bakhe,POS14
obuhle,ADJ04
khulu,N
",",PUNCT
ukubonelaphambili,ADV
ngokunqopha,V
kwebhudango,N
lakhe,POS05
okwarholela,V
i-ANC,P
kobana,N02
iqiniselele,V
bekufikelelwe,V
esiphethweni,N07
semikhulumiswano,POS
.,PUNCT
,
Ukuhlakanipha,V
kwakhe,POS15
kwabonakala,V
ngesiVumelwano,N07
seHarare,P
",",PUNCT
esatlolwa,V
besajanyelwa,V
nguye,PRON01
.,PUNCT
,
Kwabangiso,N07
isenzo,N07
lesi,DEM01
esadosela,V
esisekelweni,V
sesimemezelo,N05
esabamlando,N03
sakaMongameli,V
u-FW,V
de,ADV
Klerk,COP
",",PUNCT
eminyakeni,N04
ema-20,P
eyadlulako,P
.,PUNCT
,
Kilokhu,P
",",PUNCT
uMongameli,V
u-de,V
Klerk,N
watjengisa,V
isibindi,N07
esikhulu,ADJ07
noburholi,P
obuqakathekileko,REL
.,PUNCT
,
Ngelangeli,N
elikhulu,ADJ05
",",PUNCT
asikhumbuleni,V
nendima,N09
eyadlalwa,V
yihloko,N09
leya,DEM03
uMm.,N
u-Helen,P
Suzman,N
.,PUNCT
,
Kwathatha,V
isikhathi,N07
eside,ADJ07
inguye,ADV
kwaphela,V
ngePalamende,V
owayefuna,V
kubenetjhuguluko,P
.,PUNCT
,
Sikhumbula,V
nendima,N09
yomrholi,P
we-Inkatha,V
Freedom,N
Party,N
",",PUNCT
iKosi,PRN
uMangosuthu,N07
Buthelezi,DEM01
",",PUNCT
naye,ADV
owenza,V
ibizelo,N05
lokutjhatjhululwa,V
kwakaMadiba,N
nezinye,ADV
iimbotjhwa,V
zezepolotiki,POS
nokubuyiselwa,V
ngenarheni,N
kwalabo,DEM02
abagade,V
basekudingisweni,V
.,PUNCT
,
Sibuye,COP
sithokoze,V
khulu,N
kwamanikelela,V
emphakathini,N03
weentjhabatjhaba,N
ngesekelo,N
labo,DEM02
elinganakuzaza,V
emzabalazweni,N03
wethu,POS03
.,PUNCT
,
Iinkhathezi,N
emlandweni,N03
wethu,POS03
zitjengisa,V
ikghono,N
lethu,POS05
lobunye,ADV
",",PUNCT
nangaphasi,V
kobuJamo,N
obubudisi,N
",",PUNCT
nokutjheja,P
qangi,N
itjisakalo,N
yenarha,ADV
ngaphambi,ADV
kwezinye,POS15
.,PUNCT
,
Ngokusebenzisana,ADV
",",PUNCT
singenza,V
okunengi,ADJ05
.,PUNCT
,
Malunga,N
ahloniphekileko,REL
",",PUNCT
,
Enyakeni,V
wona,PRON03
lo,DEM01
",",PUNCT
sizokukhumbula,V
kwe,V
iHlangano,N09
yoBunye,ADJ02
beSewula,LOC
Afrika,LOC
",",PUNCT
eyahlonywa,V
ngonyaka,N11
we-1910,REL
.,PUNCT
,
Lokhu,DEM01
kwakha,V
inarha,N
ebumbeneko,REL
.,PUNCT
,
Ngokuqakathekileko,ADV
",",PUNCT
Ukuninwa,V
kwabantu,N02
abanzima,REL02
kuHlangano,N
yoBunye,V
le,DEM01
",",PUNCT
kwaba,V
ngunobangela,V
omkhulu,ADJ01
wokutlanywa,V
kwe-African,N
National,P
Congress,N
ngonyaka,N11
we-1912,P
.,PUNCT
,
Njengalokha,V
sitshwaya,V
isikhathesi,V
ngokukhamba,P
konyaka,N11
",",PUNCT
kufuze,V
siqale,V
emva,P
sitjheje,V
kobana,N02
lingangani,ADV
ibanga,V
esilikhambileko,POS
njengenarha,V
.,PUNCT
,
Malunga,N
ahloniphekileko,REL
",",PUNCT
,
Sikhumbula,V
amezwi,N
kaMadiba,V
mhla,V
atjhatjhululwako,POS
",",PUNCT
nakasithi,V
",",PUNCT
ngiyamdzubhula,V
:,PUNCT
,
"""",PUNCT
Ngijame,V
phambi,ADV
kwenu,POS15
ngingasuye,V
umporofidi,N
",",PUNCT
kodwana,CONJ
njengesisebenzi,N04
senu,POS06
esizithobako,REL
",",PUNCT
nina,V
bantu,N02
.,PUNCT
,
Ukuzinikela,V
kwenu,POS15
nokungaphelelwa,V
ngokuzinikela,V
ngikho,COP
okukghonakalise,V
ukubakhona,ADV
kwami,POS15
lapha,DEM01
namhlanjesi,N
.,PUNCT
,
Ngalokho-ke,M
ngibeka,V
iminyaka,N04
yepilo,N
yami,POS15
eseleko,N07
ezandleni,N08
zenu.,N
"""",PUNCT
,
Amezwi,N
la,DEM01
asikhuthaza,V
kobana,N02
singaliseleli,REL
bekufike,V
lapha,DEM01
sifikelela,V
khona,PRON15
emazingeni,N06
womphakathi,N03
ongakabhodwa,QUANT03
mtlhago,N
nokudinywa,V
amathuba,N06
.,PUNCT
,
Eminyakeni,N04
ematjhumi,REL
amabili,ADJ06
kusukela,V
uMadiba,V
atjhatjhululwa,V
",",PUNCT
inarha,N
yekhethu,A
itjhuguluke,V
khulu,N
.,PUNCT
,
UMongameli,V
uMandela,V
wabumba,V
inarha,N
le,DEM01
ngerhuluphelo,N
leSewula,LOC
Afrika,LOC
engabandlululi,V
ngobulili,N14
nangobuhlanga,ADV
kodwana,CONJ
kube,V
yinarha,ADV
ephumelelako,POS
yentando,N09
yenengi,POS09
.,PUNCT
,
Njengalokha,V
sigidinga,V
ukutjhatjhululwa,V
kukaMadiba,POS
namhlanjesi,N
",",PUNCT
asizibophelele,V
kabutjha,V
ukwakhela,V
amaSewula,N
Afrika,LOC
ikusasa,V
elihle,ADJ05
",",PUNCT
abanzima,REL02
nabamhlophe,N03
.,PUNCT
,
Asilandele,V
irhuluphelo,N
elalwelwa,V
nguMadiba,V
ubuphilo,LOC
bakhe,POS02
boke,QUANT06
-,PUNCT
irhuluphelo,N
yomphakathi,N03
wentando,N09
yenengi,POS09
nokhululekileko,POS
",",PUNCT
lapha,CONJ
boke,QUANT02
abantu,N02
bahlala,V
ngokuthula,V
banamathuba,N06
alinganako,REL
.,PUNCT
,
Malunga,N
ahloniphekileko,REL
",",PUNCT
,
Sibize,CONJ
ukuhlala,V
ngokuhlanganyela,V
entambama,V
ngombana,CONJ
sifuna,V
bonyana,CONJ
inengi,ADJ09
labantu,N02
enarheni,LOC
yekhethu,A
",",PUNCT
abasebenzi,N02
nabentwana,P
besikolo,N07
babeyingcenye,V
yomnyanya,V
lo,DEM01
.,PUNCT
,
Siyawathabela,V
amajadu,N
atjengiswe,V
lilutjha,COP
ngomnyanya,V
lo,DEM01
.,PUNCT
,
Abentwana,V
abamakhulu,ADJ06
amabili,ADJ06
namatjhumi,POS
asithandathu,N07
nesithandathu,N07
abasuka,V
kizozoke,V
iimfunda,V
bazibandakanye,V
kuKulumopikiswano,COP
eyandulela,V
ukwethulwa,V
kweKulumo,N09
yesiTjhaba,N
ngendima,N09
yeLutjha,V
epini,N09
yokulwa,V
nomtlhago,P
.,PUNCT
,
Sithokozisa,V
umfundi,N01
obabethe,V
ehloko,N09
",",PUNCT
uCharlotte,N
Le,V
Fleur,V
wesiKolo,N
seseKhondari,N
se-Worcester,POS
",",PUNCT
naboboke,V
abangenele,V
iphaliswaneli,V
ngokusebenza,V
kabudisi,N
.,PUNCT
,
Bakwethu,V
nabangani,V
",",PUNCT
,
Sihlangene,V
ngaphasi,P
kobujamo,P
bokufadalala,V
komnotho,N03
ephasini,LOC
zombelele,PRN
.,PUNCT
,
Unyaka,N03
ophelileko,REL
",",PUNCT
sathomana,V
nokwehla,V
kwamandla,N06
womnotho,N03
ngemva,P
kweminyaka,N04
eli-17,REL
.,PUNCT
,
Ukufadalala,V
komnotho,N03
wethu,POS03
kwenza,V
bonyana,N02
kulahleke,V
imisebenzi,N04
engaba,V
ma-900,REL
000,REL
.,PUNCT
,
Inengi,ADJ09
lalabo,ADV
abalahlekelwa,V
misebenzi,N04
babantu,N02
abondlako,REL
ngekhaya,N05
.,PUNCT
,
KuMhlolanja,N
wonyaka,N11
ophelileko,REL
",",PUNCT
abajameli,REL
bakarhulumende,V
",",PUNCT
amabubulo,N06
",",PUNCT
abasebenzi,N02
nomphakathi,N03
bavumelana,N02
ngamagadango,P
wokwehlisa,V
izinga,N09
lobudisi,V
.,PUNCT
,
Inengi,ADJ09
lamagadango,N
la,DEM01
siyawasebenzisa,V
.,PUNCT
,
Sithome,V
ukusebenzisa,V
indlela,N09
enamandla,N06
elwa,V
nokwehla,V
komNotho,N03
ekusetjenzisweni,ADV
kweemali,LOC
ngurhulumende,N
",",PUNCT
khulukhulu,N
kumthangalasisekelo,V
.,PUNCT
,
Ukwenzela,V
abatlhagako,REL
ubulula,V
",",PUNCT
singezelele,V
isikhathi,N07
sokukhulisa,V
iMali,N09
yesiBonelelo,N
sabeNtwana,POS
",",PUNCT
begodu,ADV
sadlulisela,V
isibonelelwesi,V
ebantwaneni,V
abaneminyaka,N04
engehla,V
kweli-14,REL
.,PUNCT
,
Eminyakeni,N04
emithathu,POS06
ezako,REL
",",PUNCT
abeNtwana,V
abaziingidi,N
ezimbili,ADJ00
abavela,V
emindenini,N04
etlhagako,P
",",PUNCT
beminyaka,N04
eli-15,REL
ukuya,V
kweli-18,REL
",",PUNCT
bazakuzuza,V
emalini,N09
yesiBonelelo,N
sabeNtwana,POS
.,PUNCT
,
IHlangano,N09
eThuthukisa,V
amaBubulo,N
ibekele,V
ngahlanye,V
iingidigidi,N
ezi-R6,DEM
ukusiza,V
iinkampani,POS
ezisebudisini,LOC
.,PUNCT
,
Urhulumende,N
wethula,V
"""",PUNCT
ihlelo,N09
lokubandula,V
abaphelelwe,V
msebenzi,N03
"""",PUNCT
ukunikela,V
abasebenzi,N02
ithuba,N09
lesikhathi,N07
sokubandulwa,V
kunokurhirizwa,V
.,PUNCT
,
Imizamo,N04
le,DEM01
ithuthukiswa,V
liHlelo,N09
lethu,POS05
lezemisebenzi,POS
yomBuso,N03
.,PUNCT
,
Isitjhaba,N
sizakukhumbula,V
bonyana,CONJ
eKulumeni,N
yesiTjhaba,N
yonyaka,N11
we-2009,P
",",PUNCT
ngamemezela,V
bonyana,N02
iHlelo,N09
eLandisiweko,N
lemiSebenzi,N04
yesiTjhaba,N
lizakuveza,V
amathuba,N06
wemisebenzi,N04
ema-500,REL
000,REL
kuNobayeni,LOC
enyakeni,LOC
we-2009,POS
.,PUNCT
,
Amathuba,N06
wemisebenzi,N04
la,DEM01
avezwa,V
ngomnqopho,ADV
wokusiza,V
abantu,N02
abangasebenziko,REL
ukuthola,V
ingeniso,N
",",PUNCT
ilemuko,V
lomsebenzi,N01
namathuba,N06
wokubandulwa,V
.,PUNCT
,
Malunga,N
ahloniphekileko,REL
",",PUNCT
Zakhamuzi,V
zeSewula,LOC
Afrika,LOC
",",PUNCT
,
Kulithabo,N
kithi,PRON01
ukumemezela,V
bonyana,N02
ekupheleni,V
kukaNobayeni,N
",",PUNCT
besele,V
siveze,V
amathuba,N06
wemisebenzi,N04
yombuso,N03
adlula,V
ama-480,POS
000,REL
",",PUNCT
ekumaphesente,LOC
ama-97%,PUNCT
wesibalo,N07
ebegade,V
sisinqophile,V
.,PUNCT
,
Imisebenzi,N04
le,DEM01
isemikhakheni,V
enjengeyokwakha,V
",",PUNCT
amahlelo,N06
wetjhejo,N
lemakhaya,POS
nelemphakathini,LOC
namaphrojekthi,N
wezebhoduluko,N
.,PUNCT
,
Silemuke,V
imikhakha,N04
etlhoga,V
ukuthuthukiswa,V
",",PUNCT
esizasebenza,V
ngayo,ADV
ngokukhamba,P
kwesikhathi,N07
",",PUNCT
ukufaka,V
hlangana,V
amathuba,N06
angezelelelweko,REL
wamaphrojekhthi,N03
wemisebenzi,N04
.,PUNCT
,
Siyazi,V
kobana,N02
imizamo,N04
le,DEM01
namanye,ADV
amagadango,N
ngeze,V
yarhobhisa,V
ngokuzeleko,CONJ
umthintela,V
wokwehla,V
komnotho,N03
.,PUNCT
,
Sithokoza,V
ummoya,N03
wobuntu,N14
wemindeni,N04
",",PUNCT
imisebenzi,N04
yomphakathi,N03
neyokuzinikela,V
ekhuthaza,V
inengi,ADJ09
labantu,N02
ukusiza,V
labo,DEM02
abathintwa,V
budisobu,N
bomnotho,N03
",",PUNCT
eenkhathini,LOC
ezibudisi,P
.,PUNCT
,
Malunga,N
ahloniphekileko,REL
",",PUNCT
,
Iinkomba,N
zezomNotho,N
zitjengisa,V
bonyana,CONJ
sekuba,V
ngcono,A
.,PUNCT
,
Imisebenzi,N04
yezomnotho,N03
iyanda,V
eSewula,ADV
Afrika,LOC
begodu,ADV
silindele,V
ukukhula,V
komnotho,N03
okuragela,V
phambili,ADV
.,PUNCT
,
Iimbalobalo,V
zemisebenzi,N04
ezikhutjhwe,V
ngelesiBili,POS
",",PUNCT
zitjengisa,V
bonyana,CONJ
njenganje,ADV
umnotho,N03
uveza,V
amathuba,N06
wemisebenzi,N04
kunokuyiphelisa,V
.,PUNCT
,
Kusesemsinya,V
",",PUNCT
nokho,V
",",PUNCT
ukobana,CONJ
singabanesiqiniseko,V
ngebelo,POS
letuthuko,P
.,PUNCT
,
Urhulumende,N
ngeze,V
awalisa,V
amagadango,N
wokusekela,V
.,PUNCT
,
Gadesi,ADV
kusikhathi,N07
sokwenza,V
isisekelo,N07
sokukhula,V
komnotho,N03
begodu,ADV
ukukhula,V
okuveza,V
imisebenzi,N04
.,PUNCT
,
Ihlelo,N09
lethu,POS05
lomthangalasisekelo,V
wesikhathi,N07
eside,ADJ07
lizakusiza,V
umnotho,N03
wethu,POS03
bonyana,CONJ
uhlume,V
ngebelo,POS
.,PUNCT
,
Amahlelo,N06
wethu,POS03
wefundo,N
namakghono,P
azakwandisa,V
umkhiqizo,N03
wethu,POS03
nekghono,COP
lephaliswano,N
.,PUNCT
,
UmThethomgomo,N
weQhinga,POS
lokuSebenza,V
kwamaBubulo,N
netjhejo,POS
lethu,POS05
elitjha,REL
lemiSebenzi,N04
yezebhoduluko,P
",",PUNCT
lizakwakha,V
amabubulo,N06
aqinileko,N
nakghona,V
ukuqatjha,V
abasebenzi,N02
.,PUNCT
,
Ihlelo,N09
lethu,POS05
lokuthuthukisa,V
iindawo,LOC
zemakhaya,POS
",",PUNCT
lizakuthuthukisa,V
umkhiqizo,N03
wemakhaya,V
namaphilo,N06
wabantu,N02
.,PUNCT
,
Isisekelo,N07
samano,N
wethu,POS01
wokuvuselela,V
umnotho,N03
",",PUNCT
kulihlelo,N05
lethu,POS05
lokutjala,V
iimali,COP
.,PUNCT
,
Eminyakeni,N04
emithathu,POS06
ezako,REL
urhulumende,N
uzokusebenzisa,V
iingidigidi,N
ezima-R846,V
ukulungisa,V
umthangalasisekelo,V
womphakathi,N03
.,PUNCT
,
Mayelana,N
neeenthuthi,REL
",",PUNCT
sizakutjheja,REL
begodu,ADV
sinabise,V
ithungelelwano,N
lethu,POS05
leendlela,P
.,PUNCT
,
Sizakwenza,V
isiqiniseko,V
sokobana,N
iimporo,N
zethu,POS10
zeentimela,V
"ziyathembeka,zisebenza",V
kuhle,ADJ05
begodu,ADV
zihlanganiswa,V
namadoyelo,N
weenkepe,V
.,PUNCT
,
Ukuqinisekisa,V
ukutholakala,V
kuhle,ADJ05
kwegezi,N
",",PUNCT
sihlome,V
iKomiti,P
yaboNgqongqotjhe,V
eQalene,V
nezaMandla,V
ukuthuthukisa,V
ihlelo,N09
leensetjenziswa,P
leminyaka,N04
ema-20,P
.,PUNCT
,
Hlangana,N
nokhunye,P
",",PUNCT
ikomiti,N
le,DEM01
izakutjheja,V
ukuzibandakanya,V
kwabakhiqizi,P
begezi,V
abazijameleko,N
",",PUNCT
nokuvikela,V
abatlhagako,REL
emananini,PRN
wegezi,N
akhuphukako,REL
.,PUNCT
,
Sizakuhloma,V
umsebenzisi,N
wegezi,N
ozijameleko,N
",",PUNCT
onganatjhebiswano,N
ne-Eskom,P
Holdings,V
.,PUNCT
,
I-Eskom,N
izakuragela,V
phambili,ADV
nokwakha,V
amandla,N06
angezelelweko,REL
nokuthuthukisa,V
itjhejo,N
leentetjhi,N
zegezi,N
.,PUNCT
,
Njengendlela,ADV
yokuqinisekisa,V
ukuthuthukiswa,V
kokukhula,V
komnotho,N03
ohlanganyelweko,REL
",",PUNCT
sihlome,V
umKhandlu,N03
wokweLuleka,V
ngokuThuthukiswa,V
komNotho,N
oNabileko,N03
wabantu,N02
abaNzima,REL02
.,PUNCT
,
Umnqopho,N
omkhulu,ADJ01
norhabako,REL
mayelana,N
nokutjhugululwa,V
kwemithethomgomo,N
kufanele,V
kube,V
kungenelela,V
okunqophe,V
ukuvezela,V
ilutjha,COP
amathuba,N06
wemisebenzi,N04
.,PUNCT
,
Amazinga,N06
weLutjha,COP
elingasebenziko,N06
aphezulu,ADV
kunokulindelekileko,P
.,PUNCT
,
Kuzakwendlalwa,V
iimphakamiso,N
mayelana,N
nokusekela,V
ngeemali,N
ijima,N
lokuqatjha,V
ilutjha,COP
",",PUNCT
ukukhuthaza,V
iinkhampani,V
bonyana,N02
ziqatjhe,V
abasebenzi,N02
abanganalemuko,P
.,PUNCT
,
Kunehlelo,N05
elizako,REL
lokunabisa,V
ukuqatjhwa,V
komphakathi,N03
.,PUNCT
,
Lokhu,DEM01
kufaka,V
hlangana,N
amaphrojekthi,N
womthangalasisekelo,P
weendawo,POS
zemakhaya,POS
",",PUNCT
iinkolo,LOC
",",PUNCT
ifundo,N
ephakemeko,V
nehlelo,N05
lokusiza,V
ngokufundisa,V
",",PUNCT
amakhaya,N06
wetjhejo,POS
",",PUNCT
ukutjhejwa,V
kweenkolo,N
namahlelo,N06
wokuthuthukisa,V
abeNtwana,N
abasaKhulako,REL
.,PUNCT
,
Ngonyaka,N03
ophelileko,REL
sahloma,V
i-Ejensi,N
yesiTjhaba,N
yokuThuthukisa,V
iLutjha,COP
.,PUNCT
,
Silayele,V
i-ejensi,N
le,DEM01
bonyana,CONJ
isebenze,V
ngokurhabileko,N
ukuhloma,V
izakhiwo,N08
zayo,POS10
enarheni,LOC
mazombe,N06
",",PUNCT
ukwenzelela,V
bonyana,N02
ikghone,V
ukusisiza,V
ukulinganisa,V
amahlelo,N06
karhulumende,V
anqotjhiswe,V
ekuthuthukiseni,V
ilutjha,COP
.,PUNCT
,
Malunga,N
ahloniphekileko,REL
",",PUNCT
,
Lokha,CONJ
umbuso,N03
lo,DEM01
nawungenako,REL
ngonyaka,N11
ophelileko,REL
",",PUNCT
sazibophelela,V
ukusebenza,V
ngamandla,N06
ukwakha,V
inarha,N
ethuthukako,N
.,PUNCT
,
Sathi,V
uzakuba,V
mbuso,N03
oqalelela,V
iimfuneko,ADV
neenrhuluphelo,N
zabantu,N02
begodu,ADV
osebenza,V
ngcono,A
norhabako,REL
.,PUNCT
,
Unyaka,N03
lo,DEM01
",",PUNCT
wee-2010,P
",",PUNCT
uzakuba,V
ngunyaka,V
wokwenza,V
.,PUNCT
,
Itshwayo,COP
elibonakala,V
khulu,N
ngombuso,N03
lo,DEM01
kukobana,N
wazi,V
lapha,CONJ
abantu,N02
bahlala,V
khona,PRON15
",",PUNCT
uzwisisa,V
iimfuneko,ADV
zabo,POS10
begodu,ADV
uphendula,V
msinya,P
.,PUNCT
,
Urhulumende,N
kufanele,V
asebenze,V
msinya,P
",",PUNCT
khulu,N
begodu,ADV
kuhle,ADJ05
.,PUNCT
,
Sizakulindela,V
isiGungu,REL
nemiSebenzi,N04
yomPhakathi,N03
ukukhambisana,ADV
nenembombono,N04
le,DEM01
.,PUNCT
,
Sakha,V
inarha,N
enzinze,REL
ekusebenzeni,V
ngokuthuthukisa,V
ukuhlela,V
kunye,ADJ05
nokutjhejisisa,V
ukusebenza,V
nokuhlolisisa.,N
,
Ufanele,V
sihlanganise,V
neenlinganiso,N07
zobulili,N05
eHlelweni,N05
likaRhulumende,P
lokuSebenza,V
.,PUNCT
,
Isenzwesi,N
sizakuqinisekisa,V
bonyana,N02
abomma,POS
",",PUNCT
abeNtwana,POS
nabantu,N02
abaKhubazekileko,LOC
bathole,V
amathuba,N06
wetuthuko,POS
.,PUNCT
,
Siyathaba,V
ukumemezela,V
indlela,N09
etjha,REL
karhulumende,V
yokwenza,V
izinto,N10
,
Umsebenzi,N03
weminyango,N04
uzakulinganiswa,V
ngemiphumela,N04
",",PUNCT
ezabe,V
itlanywe,V
ngehlelo,N05
lethu,POS05
lokuhlolisisa,V
nokutjhejisisa,V
.,PUNCT
,
Abongqongqotjhe,V
abaqalene,V
nomphumela,N03
othile,V
",",PUNCT
bazakutlikitla,V
isivumelwano,N07
sokwenza,V
imisebenzi,N04
noMongamel,P
.,PUNCT
,
Sizakuhlathulula,N
okufanele,V
kwenziwe,V
",",PUNCT
bunjani,ADV
",",PUNCT
ngubani,N01
",",PUNCT
esikhathini,N07
esingangani,V
begodu,ADV
kusetjenziswe,V
ziphi,P
iinlinganiso,N
neentlabagelo,P
.,PUNCT
,
Njengalokha,V
nazi,V
",",PUNCT
sizibophelele,V
kumaqalontangi,N
amahlanu,ADJ06
:,PUNCT
,
Ifundo,N
",",PUNCT
zamaphilo,N06
",",PUNCT
ukuthuthukiswa,V
kweendawo,N
zemakhaya,POS
nokutjhugululwa,V
kwenarha,N
",",PUNCT
ukudala,V
imisebenzi,N04
enetlha,P
",",PUNCT
nokulwa,P
nobulelesi,N14
.,PUNCT
,
Ngaphezu,ADV
kwalokho,DEM02
",",PUNCT
sizokusebenzela,V
ukuthuthukisa,V
ukusebenza,V
ngefanelo,P
kwaborhulemende,LOC
bemakhaya,V
",",PUNCT
ukuthuthukiswa,V
komthangalasisekelo,COP
nokuhlaliswa,V
kuhle,ADJ05
kwabantu,N02
.,PUNCT
,
Sizakwenza,V
imisebenzi,N04
ethile,REL
eqakathekileko,POS
kobana,N02
sifikelele,V
kumiphumela,N04
le,DEM01
.,PUNCT
,
Sibeke,V
ifundo,N
nokuthuthukiswa,V
kwamakghonofundwa,V
ekabeni,N09
yemithethomgomo,N
karhulumende,V
lo,DEM01
.,PUNCT
,
Ehlelweni,N05
lethu,POS05
lonyaka,V
we-2010,P
",",PUNCT
sifuna,V
ukuthuthukisa,V
ikghono,N
lokufunda,V
ebantwaneni,V
bethu,POS02
",",PUNCT
ukuthi,CONJ
bakghone,POS
ukutlola,N
nokubala,V
eminyakeni,N04
yesigabasisekelo,N03
.,PUNCT
,
Ngaphandle,ADV
kokobana,POS
senze,V
lokhu,DEM01
",",PUNCT
ngeze,V
sakghona,V
ukuthuthukisa,V
ikhwalithi,N
yefundo,P
.,PUNCT
,
Iminqopho,N
yethu,POS09
yefundo,P
ilula,V
kodwana,CONJ
iqakathekile,V
.,PUNCT
,
Sifuna,V
abafundi,N02
nabotitjhere,P
babe,N
sesikolweni,LOC
",",PUNCT
ngetlasini,LOC
",",PUNCT
ngesikhathi,N07
",",PUNCT
bafunde,V
begodu,ADV
kufundiswe,V
ama-iri,N
alikhomba,V
ngelanga,N05
.,PUNCT
,
Sizakusiza,V
abotitjhere,N
ngokubanikela,V
amahlelo,N06
weemfundo,N
wamalanga,V
woke,QUANT01
anemininingwana,V
epheleleko,P
.,PUNCT
,
Sizakunikela,V
abafundi,N02
iincwadi,N
zokusebenzela,V
ezisetjenziswa,V
lula,N
ezitlolwe,V
ngawo,ADV
woke,QUANT01
amalimi,N06
ali-11,REL
.,PUNCT
,
Ukuthoma,V
unyaka,N11
lo,DEM01
kuya,V
phambili,ADV
",",PUNCT
boke,QUANT06
abafundi,N02
bebanga,V
lesi-3,PUNCT
",",PUNCT
6,PUNCT
nele-9,DEM
bazakutlola,V
ukuhlola,V
kokufunda,V
neembalo,P
ezilinganiswe,V
ngokuzijameleko,N
.,PUNCT
,
Sinqophe,V
ukungezelela,V
izinga,N09
leenhlahlubo,N
lezi,DEM01
ukusukela,V
ezingeni,N05
lagadesi,ADV
elihlangana,V
namaphesente,N
ama-35,COP
kuya,V
kama-40,REL
ukufikela,V
okungasenani,V
kumaphesente,LOC
ama-60,P
ngonyaka,V
wee-2014,POS
.,PUNCT
,
Imiphumela,N04
izakuthunyelwa,V
kubabelethi,V
ngomnqopho,ADV
wokutjheja,P
iragelophambili,P
.,PUNCT
,
Ngaphezu,ADV
kwalokho,DEM02
",",PUNCT
isikolo,N07
ngasinye,P
eenkolweni,LOC
zethu,POS10
ezima-27,ADV
000,REL
sizakuhlolwa,V
ziimphathimandla,P
ezibuya,V
kumNyango,LOC
wezeFundo,LOC
esiSekelo,P
.,PUNCT
,
Lokhu,DEM01
kuzakurekhodwa,V
eembikweni,N05
otloliweko,REL
begodu,ADV
ohlolekako,N
.,PUNCT
,
Sihlose,N
ukungezelela,V
isibalo,N07
sabafundi,N02
bebanga,V
letjhumi,REL
nambili,P
abaneemfanelo,P
zokwamukelwa,V
eyunivesithi,V
bafike,V
eenkulungwaneni,N04
ezili-175,POS
000,REL
qobe,ADV
ngonyaka,V
bekube,V
ngunyaka,P
we-2014,POS
.,PUNCT
,
Sikhuthaza,V
ababelethi,V
ukusebenzisana,V
nathi,ADV
ukwenza,V
lokhu,DEM01
kubey,V
ipumelelo,N09
.,PUNCT
,
Samukela,V
isitatimende,LOC
senyanga,N09
ephelileko,V
esikhutjhwe,LOC
ziihlangano,POS
zabotijhere,N
zontathu,N07
",",PUNCT
i-NAPTOSA,N07
",",PUNCT
i-SADTU,N07
ne-SAOU,N
",",PUNCT
baqinisekisa,V
ukuzibophelela,V
kuJima,V
leKhwalithi,N
yokuFunda,V
nokuFundisa,V
ekuthomeni,V
konyaka,N11
we-2010,P
.,PUNCT
,
Malunga,N
ahloniphekileko,REL
",",PUNCT
,
Kufanele,V
sitjale,V
kulutjha,COP
lethu,POS05
ukuqiniseka,V
ukuba,CONJ
nabasebenzi,N02
abanamakghono,POS
ukusekela,V
ukukhula,V
komnotho,N03
nokudala,V
amathuba,N06
wemisebenzi,N04
.,PUNCT
,
Ngalokho-ke,M
sihlela,V
ukungezelela,V
ibandulo,N
labaneminyaka,N04
ehlangana,V
ne-16,PUNCT
ukuya,V
kuma-25,COP
eenkhungweni,N
zefundo,N
nebandulo,ADV
.,PUNCT
,
Lokhu,DEM01
kuzasisiza,V
ukubanikela,V
ithuba,N09
lesibili,N05
lefundo,N
",",PUNCT
labo,DEM02
abanganamfanelo,N
zokufunda,V
eyunivesithi,REL
.,PUNCT
,
Sisebenzisana,V
namaziko,N06
wefundo,N
ephakemeko,V
ukuqinisekisa,V
bonyana,CONJ
abafundi,N02
abafaneleko,POS
bakghone,POS
ukuthola,V
isizo,N
leemali,COP
elivela,V
kusiKhwama,V
seSizo,N09
leeMali,N09
labaFundi,N02
beNarha,LOC
.,PUNCT
,
Sibeke,V
neminqopho,POS
ephezulu,ADV
yokuthuthukiswa,V
kwamakghonofundwa,V
",",PUNCT
ukuthola,V
abosonjiniyera,POS
nabasebenzi,N02
besiterhiniki,V
nokungezelela,V
isibalo,N07
sabotijhere,V
abaneziqu,N08
zeemBalo,N
neSayensi,V
.,PUNCT
,
Sifanele,V
singezelele,V
isibalo,N07
selutjha,POS
elizakuthola,V
umsebenzi,N03
wokufunda,V
basebenza,V
emikhakheni,N04
yombuso,N03
nemabubulweni,LOC
wangeqadi,M
.,PUNCT
,
Omunye,ADJ03
umphumela,N03
oqakathekileko,REL
kuqinisekisa,V
ipilo,N
ehle,V
kiwowoke,V
amaSewula,N
Afrika,LOC
.,PUNCT
,
Sizakuragela,V
phambili,ADV
nokuthuthukisa,V
ihlelo,N09
lethu,POS05
lezamaphilo,LOC
.,PUNCT
,
Lokhu,DEM01
kufaka,V
hlangana,N
ukwakha,V
nokulungisisa,V
iimbhedlela,N07
nemitholapilo,POS
",",PUNCT
begodu,ADV
nokuthuthukisa,V
ubujamo,N
bomsebenzi,N03
kubasebenzi,N02
bezamaphilo,POS
.,PUNCT
,
Sihlanganyele,V
neBhanka,V
yeTuthuko,P
ye-Afrika,N
engeSewula,V
ukuthuthukisa,V
ukusebenza,V
ngokuzeleko,CONJ
kweembhedlela,V
zombuso,N03
nama-ofisi,V
weeyingi,REL
.,PUNCT
,
Begodu,ADV
sisebenzisana,V
neBhanka,V
yeTuthuko,P
ye-Afrika,N
engeSewula,V
neHlangano,N09
eThuthukisa,V
amaBubulo,N
ngetjhebiswano,N
ehlelweni,N05
lamabubulo,N06
wangeqadi,M
nombuso,N03
ukuthuthukisa,V
iimbhedlela,N07
nokusekela,V
amaphrojekhthi,N
ngeemali,N
.,PUNCT
,
Malunga,N
ahloniphekileko,REL
",",PUNCT
,
Kufanele,V
siqalane,V
neqiniso,N05
lokobana,N
isikhathi,N07
sokuphila,V
kusukela,V
ekubelethweni,V
",",PUNCT
sehlile,V
ukusuka,V
eminyakeni,N04
ema-60,P
ngonyaka,POS
we-1994,P
ukuya,V
ngaphasi,P
kweminyaka,N04
ema-50,POS
namhlanjesi,N
.,PUNCT
,
Ngalokho-ke,M
senza,V
amano,N
wokungenelela,V
ukwehlisa,V
ukuhlongakala,V
kwabantwana,N02
nababelethwako,REL
ngokwehlisa,V
ukuthelelana,V
okutjha,V
kweNgogwana,N04
yeNtumbantonga,V
",",PUNCT
nokwelapha,P
ubulwele,V
besifuba,V
ngokuzeleko,CONJ
.,PUNCT
,
Sizakwehlisa,V
nokuhlongakala,V
kwamasana,V
ngehlelo,N05
elidephileko,N
lemijovo,POS
.,PUNCT
,
Sizakuvuselela,V
amahlelo,N06
wezamaPhilo,N
eenkolweni,LOC
.,PUNCT
,
Sizaphetha,N
zoke,QUANT10
iinthembiso,V
ngeLanga,N05
lePhasi,POS
leNtumbantonga,V
mayelana,N
neendlela,P
ezitjha,REL
zokuvikela,V
iNgogwana,N04
yeNtumbantonga,V
namagadango,N
wokwelapha,P
.,PUNCT
,
Sewuthomile,V
umsebenzi,N03
ongeneleleko,N
ukuqinisekisa,V
kobana,N02
lokhu,DEM01
kwenziwe,V
ngesikhathi,N07
.,PUNCT
,
Sizakuragela,V
phambili,ADV
namalungiselelo,N06
wokuhlonywa,V
kwehlelo,N05
letjhorensi,N
yezamaphilo,POS
yenarha,ADV
.,PUNCT
,
Zakhamuzi,V
zeSewula,LOC
Afrika,LOC
",",PUNCT
,
Sisebenza,V
ngamandla,N06
ukuqinisekisa,V
ukobana,CONJ
woke,QUANT01
umuntu,N01
eSewula,ADV
Afrika,LOC
uzizwa,V
aphephile,V
begodu,ADV
uphephile,V
.,PUNCT
,
Sizakuragela,V
phambili,ADV
nomsebenzi,N03
wethu,POS03
ukwehlisa,V
ukurhagala,V
kobulelesi,N14
obunenturhu,V
",",PUNCT
siqinisekise,V
kobana,N02
ihlelo,N09
lezobulungiswa,N
lisebenza,V
ngefanelo,P
.,PUNCT
,
Sihloma,V
amano,N
wokungezelela,V
isibalo,N07
samapholisa,P
ngamaphesente,LOC
ali-10,REL
eminyakeni,N04
emithathu,POS06
ezako,REL
.,PUNCT
,
Sitshwaye,N
ipi,REL
eqalene,V
nokuthathelwa,V
iinkoloyi,N
",",PUNCT
ukungenelwa,V
emakhaya,N06
"nemabubulweni,nobulelesi",N14
bokuthintana,V
njengokubulala,V
",",PUNCT
ukukata,V
nokulimaza,V
",",PUNCT
njengamaqalontangi,N
.,PUNCT
,
Soke,QUANT01
sinendima,P
ekufanele,V
siyidlale,V
.,PUNCT
,
Asizibandakanye,POS15
eenhlanganweni,LOC
zomphakathi,N03
zokuphepha,V
.,PUNCT
,
Asilise,N
ukuthenga,V
ipahla,N09
eyetjiweko,V
.,PUNCT
,
Asilungele,V
ukunikela,V
amapholisa,N
ilwazi,V
ngezenzo,N08
zobulelesi,N14
.,PUNCT
,
Ukusebenzisana,V
kuzakulwisana,V
nobulelesi,N14
.,PUNCT
,
Bakwethu,N
neemvakatjhi,P
ezihloniphekileko,N
",",PUNCT
,
Kufanele,V
urhulumende,N
wemakhaya,POS
asebenze,V
.,PUNCT
,
Kufanele,V
abomasipala,REL
bathuthukise,V
ukunikelwa,V
kwezindlu,N10
",",PUNCT
amanzi,REL06
",",PUNCT
ukukhanjiswa,N
kwendle,N09
",",PUNCT
igezi,N
",",PUNCT
ukulawulwa,V
kweenzibi,V
neendlela,P
.,PUNCT
,
Ngonyaka,N03
ophelileko,REL
saba,V
nomhlangano,P
nabosodorobha,N
nabaphathi,N02
babomasipala,REL
.,PUNCT
,
Lokhu,DEM01
kwasinikela,V
ilwazi,V
elidephileko,N
ngeenkinga,N
zikarhulumende,V
wemakhaya,POS
.,PUNCT
,
Savakatjhela,N
imiphakathi,N04
ehlukahlukeneko,PRN
nabomasipala,POS
",",PUNCT
ukufaka,V
hlangana,N
neBalfour,N
eMpumalanga,N05
neTembisa,V
eGauteng,P
.,PUNCT
,
Ngemva,P
kwevakatjho,POS
leBalfour,N
",",PUNCT
sathumela,V
isiqhema,N
saboNgqongqotjhe,V
abalithoba,V
ukuvakatjhela,N
indawo,N09
leya,DEM03
ukobana,CONJ
bayokutjheja,N
iminako,N04
eyayivezwe,V
mphakathi,N03
.,PUNCT
,
Iinkinga,N
ezimbalwa,REL10
kilezo,P
ezavezwako,P
sele,N
zitjhejiwe,V
.,PUNCT
,
Ngiyalele,V
abongqongqotjhe,V
kobana,N02
baqalane,V
nezisasaleleko,POS
.,PUNCT
,
Siyabuyelela,V
ukobana,CONJ
akunamiraro,N
enikela,V
ilungelo,N05
lokwenza,V
inturhu,V
nokoniwa,V
kwepahla,POS
.,PUNCT
,
Siyalele,V
abasebenza,V
ngomthetho,N03
ukuthatha,V
amagadango,N
aqinileko,N
lokha,CONJ
nakwephulwa,V
umthetho,N03
eBalfour,REL
nakezinye,P
iindawo,LOC
.,PUNCT
,
KuNobayeni,N
enyakeni,LOC
wee-2009,POS
",",PUNCT
isiGungu,REL
saphasisa,V
amano,N
wesikhathi,N07
esibekiweko,LOC
mayelana,N
norhulumende,P
wemakhaya,POS
.,PUNCT
,
Lokhu,DEM01
kuzaqinisekisa,V
bonyana,CONJ
urhulumende,N
wemakhaya,POS
unamakghonofundwa,V
afaneleko,POS
wokuPhatha,V
",",PUNCT
wekambiso,N
newesiterhiniki,POS
.,PUNCT
,
Enyakeni,N04
lo,DEM01
wokwenza,V
",",PUNCT
asisebenzeni,V
soke,QUANT01
ukwenza,V
urhulumende,N
wemakhaya,V
abemthwalo,N03
wethu,POS03
soke,QUANT01
.,PUNCT
,
Sisebenzela,V
ukuthuthukisa,V
iindawo,LOC
zemitlhatlhana,V
eziseendaweni,COP
ezihle,ADJ08
besinikele,V
ngeemfuneko,P
ezifaneleko,POS
nelungelo,N05
lobunini,LOC
bestandi,N02
emindenini,N04
engaba,V
ma-500,REL
000,REL
ngonyaka,N04
wee-,V
2014,POS
.,PUNCT
,
Sihlela,V
ukubekela,V
ngeqadi,POS
amahekthara,V
azi-6,DEM
000,REL
wenarha,ADV
yomphakathi,N03
esendaweni,N05
ehle,V
ukusiza,V
abantu,N02
abarhola,V
kancani,ADV
kobana,N02
bathole,V
izindlu,N10
.,PUNCT
,
Umzamo,N03
omkhulu,ADJ03
kuzaba,V
kutjheja,N
abantu,N02
labo,DEM02
imirholo,N
yabo,POS04
ephezulu,ADV
khulu,N
kobana,N02
bangathola,V
isizo,N
leemali,COP
lakarhulumende,CONJ
",",PUNCT
kanti,CONJ
ngakelinye,POS15
ihlangothi,N09
umrholwabo,POS
mncani,P
kobana,N02
bangathola,V
isizo,N
leemali,COP
lebhanka,LOC
.,PUNCT
,
Sizakuhloma,V
isikhwama,N07
sesiqinisekiso,N07
se-R1,V
bhiliyoni,LOC
ukusiza,V
ukubulunga,V
imali,N09
kwangeqadi,M
nebubulo,N
lezindlu,N10
",",PUNCT
ukuthuthukisa,V
iindlela,V
ezitjha,REL
zokuhlangabezana,V
neemfuneko,N
zezindlu,N10
.,PUNCT
,
Bakwethu,REL
",",PUNCT
,
Enyakeni,N04
ophelileko,REL
sathi,V
",",PUNCT
abantu,N02
bemakhaya,V
nabo,ADV
banelungelo,N
lokuba,V
negezi,P
",",PUNCT
amanzi,N06
",",PUNCT
ukukhanjiswa,N
kwendle,N09
neeendlela,V
.,PUNCT
,
Sathi,V
kufanele,V
babe,N
neendawo,POS
zemidlalo,N04
neentolo,N07
ezikulukazi,V
ezenziwe,V
ngcono,A
njengezemadorobheni,LOC
.,PUNCT
,
Mayelana,N
nalokhu,ADV
",",PUNCT
sahloma,V
isiza,V
sokuthoma,V
sokulinga,V
",",PUNCT
iHlelo,N09
eliDephileko,LOC
lokuThuthukisa,V
iinDawo,LOC
zemaKhaya,N06
eGiyani,N
",",PUNCT
eLimpopo,N
",",PUNCT
ngoRhoboyi,N
unyaka,N11
ophelileko,REL
.,PUNCT
,
Emva,P
kwalokho,DEM02
",",PUNCT
sekwakhiwe,V
izindlu,N10
ezima-231,PUNCT
.,PUNCT
,
Sekube,V
neragelophambili,N
ekunikelweni,V
komthangalasisekelo,COP
ozokusekela,V
ituthuko,N
kezokulima,V
nokubandula,V
amalunga,N06
womphakathi,N03
.,PUNCT
,
Ukufikelela,V
iintlabagelo,ADV
zezamaphilo,P
nefundo,ADV
sekwenziwe,V
ngcono,A
.,PUNCT
,
Sihloma,V
amahlelo,N06
afanako,P
eentandini,LOC
ezilikhomba,V
enarheni,LOC
mazombe,N06
",",PUNCT
lapho,DEM02
kuyokuzuza,V
amawadi,N
ama-21,PUNCT
.,PUNCT
,
Nakufika,N
unyaka,V
wee-2014,POS
",",PUNCT
sinqophe,V
ukuba,CONJ
neentandi,V
emawadini,N09
ali-160,REL
.,PUNCT
,
Sifuna,V
imindeni,N04
emaphesente,V
ama-60,P
eentandinezi,N
ikghone,V
ukuhlangabezana,V
neemfuneko,N
zabo,POS10
zokudla,V
njengemikhiqizo,N04
yabo,POS04
ngonyaka,V
wee-2014,POS
.,PUNCT
,
Kancani,ADV
kancani,ADV
kuzabe,V
kulunge,V
",",PUNCT
kambe,V
bakwethu,P
",",PUNCT
kuthiwa,V
nepandla,N06
ithoma,V
ngeenhlohla,V
.,PUNCT
,
Sifuna,V
begodu,ADV
ukuhlanganisa,V
kuhle,ADJ05
ukutjhugululwa,N
kwenarha,N
namahlelo,N06
asekela,V
zelimo,POS
.,PUNCT
,
Ipumelelo,N09
yethu,POS09
emkhakheni,N03
lo,DEM01
izakulinganiswa,V
ngokungezeleleka,V
kwesibalo,N07
sabalimi,N02
abasakhasako,POS
abangakghona,REL
ukungenelela,V
kezomnotho,POS
.,PUNCT
,
Somlomo,POS
ohloniphekileko,REL
noSiHlalo,P
womKhandlu,N03
weNarha,ADV
oweNgamele,V
iimFunda,V
",",PUNCT
,
Asisiyo,V
inarha,N
enamanzi,N06
amanengi,ADJ06
.,PUNCT
,
Nofana,N
kunjalo,ADV
",",PUNCT
silahlekelwa,V
mamanzi,N06
amanengi,ADJ06
ngonobangela,P
wamaphayiphi,PRN
avuzako,V
nomthangalasisekelo,N07
ongasi,V
sezingeni,V
elinetlha,P
.,PUNCT
,
Sizakuthatha,V
amagadango,N
wokwehlisa,V
ngengcenye,REL
ukulahlekelwa,V
mamanzi,N06
ngonyaka,N11
wee-2014,POS
.,PUNCT
,
Malunga,N
ahloniphekileko,REL
",",PUNCT
,
Njengengcenye,V
yemizamo,N04
yethu,POS04
yokuthuthukisa,V
ukukhula,V
komnotho,N03
",",PUNCT
sisebenzela,V
ukwehlisa,V
iindleko,N
zokuthintana,V
.,PUNCT
,
Umphakathi,N03
weSewula,LOC
Afrika,LOC
ungalindela,V
ukwehliswa,V
khulu,N
kwehlawulo,POS
yesithintanisi,N
",",PUNCT
ufunjathwako,POS
",",PUNCT
umtato,N
wemakhiwo,REL
nowemiphakathi,N03
.,PUNCT
,
Sizakusebenzela,V
ukungezelela,V
ibelo,REL
lesithintanisi,V
begodu,ADV
siqinisekise,V
izinga,N05
eliphezulu,ADV
le-inthanethi,COP
",",PUNCT
ukukhambisana,ADV
nekambiso,ADV
yeentjhabatjhaba,V
.,PUNCT
,
MaSewula,LOC
Afrika,LOC
",",PUNCT
,
Urhulumende,N
lo,DEM01
uzaqinisekisa,V
ukobana,CONJ
amagugu,N06
webhoduluko,N
newemvelo,POS
ayavikelwa,V
",",PUNCT
begodu,ADV
athuthukiswe,V
.,PUNCT
,
Ngokusebenzisana,ADV
neBrazil,P
",",PUNCT
i-India,V
neChina,V
",",PUNCT
begodu,ADV
kubalwa,V
hlangana,N
ne-Amerikha,V
",",PUNCT
eyayijamele,V
iinarha,N
ezithuthukileko,POS
",",PUNCT
sadlala,V
indima,N09
eqakathekileko,POS
kusivumelwano,N
esamukelwa,V
e-Copenhagen,V
emhlanganweni,N03
wokuTjhuguluka,V
kobuJamo,N
Bezulu,N07
ngoNobayeni,LOC
enyakeni,LOC
ophelileko,REL
.,PUNCT
,
Nanyana,N05
singangeneleli,V
khulu,N
njengokulindelweko,POS
",",PUNCT
nokho,V
kuligadango,N
eliqakathekileko,REL
ngombana,CONJ
sibophelela,V
zoke,QUANT10
iinarha,N
ukuziphendulela,V
ngokutjhuguluka,V
kobuJamo,N
bezulu,N05
.,PUNCT
,
Sizasebenza,V
ngamandla,N06
nabalingani,N02
bethu,POS02
bangaphetjheya,V
ukufikelela,V
esivumelwaneni,N07
esinesibopho,N07
sangokomthetho,POS
.,PUNCT
,
NjengeSewula,LOC
Afrika,LOC
",",PUNCT
sizibophelele,V
ekuhlangabezeni,V
iinlinganiso,N07
ezilindelweko,P
ukwehlisa,V
ukusilaphazeka,V
kommoya,N03
",",PUNCT
begodu,ADV
sizakuragela,V
phambili,ADV
ngamano,N03
wethu,POS03
wokwehlisa,V
ukutjhuguluka,V
kobuJamo,N
bezulu,N05
.,PUNCT
,
Malunga,N
ahloniphekileko,REL
",",PUNCT
,
Sizakuqinisa,V
imizamo,N04
yokuthuthukisa,V
ikareko,N
leSewula,LOC
Afrika,LOC
ephasini,LOC
zombelele,PRN
.,PUNCT
,
Sizakusekela,V
imizamo,N04
yokurhabisa,V
ukuhlanganiswa,V
kwesifunda,N07
se-SADC,V
ngokwepolotiki,V
nezomnotho,P
.,PUNCT
,
ISewula,LOC
Afrika,LOC
iragela,POS
phambili,ADV
ukubamba,V
indima,N09
edosa,V
phambili,ADV
emizameni,LOC
yekhontinenthi,V
ukuqinisa,V
iHlangano,N09
yoBunye,ADJ02
be-Afrika,N
nezakhiwo,N08
zayo,POS10
",",PUNCT
ukusebenzela,V
ubunye,N14
.,PUNCT
,
Sizakunqophisa,V
amandlethu,P
ekuvuseleleni,N09
iTjhebiswano,COP
eliTjha,P
leTuthuko,REL
ye-Afrika,N
",",PUNCT
njengeqhinga,N05
lokuthuthukisa,V
umnotho,N03
kukhontinenthi,V
.,PUNCT
,
MaSewula,LOC
Afrika,LOC
",",PUNCT
,
ImiSebenzi,N04
yomBuso,N03
kufanele,V
iphendule,V
ngokurhabileko,N
yenze,V
isikhathesi,V
kube,V
ngesithuthukisa,V
ukusebenza,V
kombuso,N03
.,PUNCT
,
Sitlhoga,V
ikghono,N
elidluleleko,REL
nokusebenza,V
ngamandla,N06
.,PUNCT
,
Sitlhoga,V
abasebenzi,N02
bombuso,N03
abazinikeleko,REL
",",PUNCT
abanekghono,P
nabatjheja,P
iimfuneko,ADV
zezakhamuzi,N08
.,PUNCT
,
Urhulumende,N
uqalene,V
nokuthuthukiswa,V
nokusebenzisa,V
ihlelo,N09
letuthuko,N09
lombuso,N03
",",PUNCT
elizakubeka,V
ikambiso,N
namazinga,N06
wabasebenzi,N02
bombuso,N03
kiyo,ADV
yoke,QUANT04
imikhakha,N04
.,PUNCT
,
Malunga,N
ahloniphekileko,REL
",",PUNCT
,
Siragela,V
phambili,ADV
nemizamo,N04
yethu,POS04
youkuruthula,V
ukukhohlakala,V
nokukhwabanisa,V
emisebenzini,N04
yokuthenga,V
neyamathenda,V
",",PUNCT
nekwenzeni,V
iimbawo,P
zeencwadi,N09
zokutjhayela,POS
",",PUNCT
iimbonelelo,P
zesondlo,N07
",",PUNCT
iimpasa,V
",",PUNCT
hlangana,N
nokhunye,P
.,PUNCT
,
Siyathaba,V
ngengepumelelo,N09
urhulumende,N
ayenzako,REL
keminye,ADV
imikhakha,N04
.,PUNCT
,
Iveke,V
le,DEM01
",",PUNCT
siphelise,V
imbadela,V
yesondlo,N07
ekhwayanisiweko,REL
ezii-32,PUNCT
687,V
",",PUNCT
elinganiselwa,V
eengidini,LOC
ezi-,V
R180,N
.,PUNCT
,
IKomiti,P
yethu,POS09
yaboNgqongqotjhe,V
eQalene,V
nokuKhohlakala,V
",",PUNCT
itjheja,V
iindlela,V
zokuruthula,V
ukukhohlakala,V
.,PUNCT
,
Ngokusebenzisana,ADV
",",PUNCT
singenza,V
okunengi,ADJ05
.,PUNCT
,
Bakwethu,REL
",",PUNCT
,
Njengalokha,V
nazi,V
",",PUNCT
sethula,V
iNomboro,N
yokuRhabako,N
kaMongameli,V
ukwenza,V
urhulumende,N
ne-Ofisi,N
kaMongameli,V
bafikeleleke,V
emphakathini,N03
",",PUNCT
nokusiza,V
ukususa,V
iinqabo,POS
zokulethwa,V
kweensetjenziswa,N
ebantwini,LOC
.,PUNCT
,
Umtato,N
lo,DEM01
ujamele,V
ukuzimisela,V
kwethu,POS15
ukwenza,V
izinto,N10
ngokuhlukileko,N
kurhulumende,N
.,PUNCT
,
Wenze,V
umahluko,N
epilweni,LOC
yamaSewula,V
Afrika,LOC
amanengi,ADJ06
.,PUNCT
,
Singabala,V
uKsz,N
.,PUNCT
,
Buziwe,V
Ngaleka,V
weMount,V
Frere,N
",",PUNCT
umtatwakhe,V
wawubika,V
ngemali,N09
yomhlalaphasi,N
womyenakhe,POS
owalalako,POS
.,PUNCT
,
Loyo,DEM02
kwaba,V
mtato,N
wokuthoma,V
esawubambako,V
ngelanga,N05
lokuthoma,V
lomsebenzi,N03
lo,DEM01
.,PUNCT
,
Ukhona,COP
hlangana,N
nathi,ADV
entambama,V
namhlanje,ADV
.,PUNCT
,
Begodu,ADV
hlangana,N
nathi,ADV
kunoNom,N
.,PUNCT
,
Nkululeko,POS
Cele,V
",",PUNCT
owasizwa,V
ukuthola,V
ipasa,V
",",PUNCT
eyamsiza,V
ukobana,CONJ
azitlolise,V
njengomfundi,N01
eYunivesithi,N
yeThekhnoloji,P
eseTshwane,V
.,PUNCT
,
Lezi,DEM01
ziimbonelo,N
ezimbili,ADJ00
hlangana,N
nezinengi,ADJ08
ezibe,V
yipumelelo,P
.,PUNCT
,
Kilezi,P
nezinye,ADV
iimbonelo,N
",",PUNCT
sitshwaya,V
ubuthakathaka,N14
ekufanele,V
bulungiswe,V
mikhakha,N04
karhulumende,V
ehlukeneko,REL
.,PUNCT
,
Ngokukhulumisana,V
noSomlomo,POS
",",PUNCT
simeme,V
abajameli,P
beenhlangano,COP
abasuka,V
ePalamende,N
ukuvakatjhela,N
iziko,N05
lemitato,DEM
ukobana,CONJ
amaLunga,N06
wePalamende,V
ayozibonela,V
ngokwawo,P
umsebezi,P
owenziwako,POS
.,PUNCT
,
Bakwethu,V
nabangani,V
",",PUNCT
,
Ngendlale,V
amaphuzu,N06
aqakathekileko,REL
wamahlelo,N06
wethu,POS03
wonyaka,N11
ka-2010,REL
",",PUNCT
ngokuzibophelela,V
kwethu,POS15
ngokuhlanganyela,V
njengorhulumende,N
wabantu,N02
beSewula,LOC
Afrika,LOC
.,PUNCT
,
Ikulumo,N09
yesiTjhaba,N
inikela,V
isithombe,N07
esinabileko,N
sehlelo,N05
lethu,POS05
lomsebenzi,N01
.,PUNCT
,
AboNgqongqotjhe,V
bazakwethula,V
imininingwana,N04
eseleko,N07
eenkulumeni,LOC
zabo,POS10
zesAbeloMali,P
.,PUNCT
,
Malunga,N
ahloniphekileko,REL
",",PUNCT
maSewula,V
Afrika,LOC
",",PUNCT
,
KuSinyikhaba,N
kilonyaka,V
ophezulu,ADV
",",PUNCT
sizatshwaya,V
ilanga,N05
lokukhumbula,V
unyaka,N04
we-150,REL
selokho,V
kwafika,V
amaNdiya,N
eSewula,ADV
Afrika,LOC
.,PUNCT
,
Lokhu,DEM01
kunikela,V
ithuba,N09
lokutjheja,V
ukuqakatheka,V
komnikelo,N03
womphakathi,N03
wamaNdiya,V
emiKhakheni,N03
yemisebenzi,N04
",",PUNCT
amabubulo,N06
",",PUNCT
isayensi,N05
",",PUNCT
imidlalo,N04
",",PUNCT
ikolo,N07
",",PUNCT
ubukghwari,N
ngepumelelo,ADV
yokuqinisa,V
intando,N09
yenengi,POS09
yethu,POS09
.,PUNCT
,
Bakwethu,V
nabangani,V
",",PUNCT
,
Angithathe,V
ithubeli,V
ngidlulise,V
amezwi,N
wethu,POS01
wokutjhiriya,N
okunezwelo,P
kuRhulumende,N
nabantu,N02
beHaiti,P
ngehlekelele,V
ebaveleleko,P
.,PUNCT
,
Siyathaba,V
ukobana,CONJ
iinqhema,N
zethu,POS08
zokuhlenga,V
zakghona,REL
ukuyokusiza,V
.,PUNCT
,
Ngithanda,V
Ukuhlonipha,V
ngokukhethekileko,N
umSewula,V
Afrika,LOC
ohlala,V
alisizo,N
ngeenkhathi,P
zehlekelele,V
",",PUNCT
athuthukise,V
nenembombono,N04
yomphakathi,N03
otjhejako,P
.,PUNCT
,
Samukela,V
ngeNdlini,N
le,DEM01
namhlanjesi,N
uDorh,V
Imtiaz,ADV
Sooliman,P
we-Gift,N
of,POS
the,N05
Givers,N
.,PUNCT
,
MaSewula,LOC
Afrika,LOC
",",PUNCT
,
Ukubanjwa,V
kwephaliswano,N
leBhegere,N
yePhasi,POS
yeFIFA,POS
kwenza,V
unyaka,N04
wee-2010,REL
ubengewokwenza,V
kwamambala,ADV
.,PUNCT
,
Kusithethe,COP
iminyaka,N04
eminengi,POS06
sihlelela,V
iBhegere,N
yePhasi,POS
.,PUNCT
,
Sisalelwe,V
ziinyanga,LOC
eentathu,ADJ00
.,PUNCT
,
Begodu,ADV
sizimisele,V
ukwenza,V
iphaliswaneli,V
libe,V
yipumelelo,P
.,PUNCT
,
Umthangalasisekelo,V
",",PUNCT
zokuphepha,V
nokuhlelwa,V
kwemininingwana,N04
sekulungisiwe,V
ukuqinisekisa,V
iphaliswano,N
eliyipumelelo,P
.,PUNCT
,
Njengesitjhaba,P
",",PUNCT
sinesikolodo,N
sokuthokoza,V
iKomiti,P
yeKhaya,N05
yamaLungiselelo,N
ngomsebenzabo,N
omuhle,ADJ03
.,PUNCT
,
Sifisela,V
uSihlalo,P
weKomiti,P
yeKhaya,N05
yamaLungiselelo,N
",",PUNCT
u-Irvin,N
Khoza,V
",",PUNCT
isiKhulu,N
",",PUNCT
uDanny,N
Jordan,P
nombanduli,N02
weBafana,N
Bafana,N
",",PUNCT
uCarlos,N
Alberto,ADV
Parreira,N
okuhle,ADJ05
kodwa,CONJ
eenyangeni,LOC
ezizako,N
.,PUNCT
,
UMongameli,V
uMandela,V
wadlala,V
indima,N09
eqakathekileko,POS
ekusizeni,V
inarha,N
bonyana,CONJ
ithumbe,V
amalungelo,N06
wokubamba,V
umnyanya,V
omkhulu,ADJ01
lo,DEM01
.,PUNCT
,
Ngalokho-ke,M
kufanele,V
senze,V
iphaliswano,N
leBhegere,N
yePhasi,POS
libe,V
yipumelelo,N09
ekulu,ADV
ngokumhlonipha,V
.,PUNCT
,
Zakhamuzi,V
",",PUNCT
asisekele,V
isiqhema,N
senarha,M
iBafana,N
Bafana,N
.,PUNCT
,
Ngingomunye,N
walabo,DEM02
abakholwa,V
bonyana,N02
iBafana,N
Bafana,N
izokweza,V
iimanga,N07
.,PUNCT
,
Okuqakatheke,V
khulu,N
",",PUNCT
ithikithi,V
esandleni,LOC
bakwethu,POS
!,PUNCT
,
Asithengeni,LOC
amathikithi,ADV
soke,QUANT01
ngesikhathi,N07
senzelele,V
ukuya,V
emidlalweni,N04
.,PUNCT
,
MaSewula,LOC
Afrika,LOC
",",PUNCT
,
Njengalokha,V
sigidinga,V
ukutjhatjhululwa,V
kukaMadiba,POS
namhlanjesi,N
",",PUNCT
sizibophelela,V
kabutjha,V
ekubuyisaneni,V
",",PUNCT
ubunye,ADV
besitjhaba,POS
",",PUNCT
ukungabandlululani,V
ngobuhlanga,ADV
nokwakha,V
ikusasa,V
elihle,ADJ05
njengamaSewula,COP
Afrika,LOC
",",PUNCT
abanzima,REL02
nabamhlophe,N03
.,PUNCT
,
Sihlahlwa,V
ngilokho,LOC
uMadiba,V
akukhulumako,N
ekhotho,LOC
",",PUNCT
ukuthi,CONJ
",",PUNCT
ngiyamdzubhula,V
:,PUNCT
,
"""",PUNCT
Ngesikhathi,N07
sepilo,POS
yami,ADV
yoke,QUANT04
ngizinikele,V
ekuzabalazeleni,V
abantu,N02
be-Afrika,POS
.,PUNCT
,
Ngilwe,V
nokuba,V
ngehla,V
kwabamhlophe,N03
begodu,ADV
ngalwa,V
nokuba,V
ngehla,V
kwabanzima,P
.,PUNCT
,
Ngithabela,V
ibhudango,N
lomphakathi,N03
wentando,N09
yenengi,POS09
nokhululekileko,POS
",",PUNCT
lapho,CONJ
boke,QUANT02
abantu,N02
baphila,V
ngokuthula,V
",",PUNCT
begodu,ADV
banamathuba,N06
alinganako,REL
.,PUNCT
,
Kulibhudango,N
engithemba,V
ukobana,CONJ
ngizaliphilela,V
",",PUNCT
begodu,ADV
ngilifikelele,V
.,PUNCT
,
Kodwana,CONJ
nakukghonakalako,POS
",",PUNCT
kulibhudango,N
engizimisele,V
ukulifela.,N
"""",PUNCT
,
Njengokukhuthazwa,V
yikutani,REL
yethu,POS04
uMadiba,V
",",PUNCT
kuyihlonipho,V
kimi,PRON01
ukunikela,V
iKulumo,N09
yesiTjhaba,N
yonyaka,N11
wee-2010,P
kizozoke,V
iinkutani,P
zethu,POS10
",",PUNCT
ezidumileko,REL
nezingakadumi,REL
",",PUNCT
ezaziwako,POS
nezingaziwako,POS
.,PUNCT
,
Asisebenzeni,V
soke,QUANT01
ukwenza,V
unyaka,N11
lo,DEM01
wokwenza,V
ube,V
ngonepumelelo,ADV
enarheni,LOC
yekhethu,A
.,PUNCT
,
